"variant_id"	"p_value"	"chromosome"	"base_pair_location"	"effect_allele"	"frequency_duplication"	"frequency_deletion"	"beta"	"standard_error"	"trait"
"rs6565169"	4.03926e-05	"16"	29692692	"additional copy"	0.000256393240870893	0.000229245721249269	0.340441	0.0829275	"serum albumin measurement"
"rs142024916"	1.3033e-08	"16"	30208637	"additional copy"	0.000202098201627645	0.000153835944522535	-0.494803	0.0870246	"serum alanine aminotransferase measurement"
"Affx-52330264"	6.5616e-11	"16"	29705974	"additional copy"	0.000262426023009031	0.000229245721249269	0.724849	0.11099	"age at menarche"
"rs74451468"	0.22971	"16"	30146257	"duplication (> 2 copies)"	0.000244327676594615	0.00022321293911113	0.138901	0.115644	"serum albumin measurement"
"rs8059619"	0.000659155	"16"	29925445	"duplication (> 2 copies)"	0.000295606324768794	0.000226229330180199	-0.325875	0.095675	"serum alanine aminotransferase measurement"
"Affx-52330264"	6.98233e-07	"16"	29705974	"duplication (> 2 copies)"	0.000262426023009031	0.000229245721249269	0.707988	0.142681	"age at menarche"
"rs648559"	6.55244e-07	"16"	29740645	"deletion (< 2 copies)"	0.000271475196216239	0.000226229330180199	-0.61499	0.123634	"serum albumin measurement"
"rs142024916"	1.09141e-06	"16"	30208637	"deletion (< 2 copies)"	0.000202098201627645	0.000153835944522535	0.646166	0.132561	"serum alanine aminotransferase measurement"
"rs648559"	8.76209e-06	"16"	29740645	"deletion (< 2 copies)"	0.000271475196216239	0.000226229330180199	-0.798811	0.179678	"age at menarche"
